product_id,category,source,image_path,energy_kcal,energy_kj,fat_g,saturated_fat_g,carbohydrate_g,sugar_g,fiber_g,protein_g,salt_g,sodium_mg,allergens
off_3083681095296,konserve,open_food_facts,data\raw\openfoodfacts\images\off_3083681095296.jpg,72.0,297.9,4.1,0.6,5.7,5.5,3.4,1.3,0.81,319.0,gluten
off_20004132,konserve,open_food_facts,data\raw\openfoodfacts\images\off_20004132.jpg,20.0,85.6,0.1,0.0,3.0,3.0,1.1,1.3,1.3,16.0,
off_3083681094459,konserve,open_food_facts,data\raw\openfoodfacts\images\off_3083681094459.jpg,63.0,262.0,2.5,0.4,7.3,6.0,2.1,1.7,0.75,300.0,gluten
off_3307130803004,konserve,open_food_facts,data\raw\openfoodfacts\images\off_3307130803004.jpg,64.0,267.0,3.5,0.5,6.1,5.2,1.7,1.2,0.47,188.0,
off_3083681001808,konserve,open_food_facts,data\raw\openfoodfacts\images\off_3083681001808.jpg,77.0,312.0,0.3,0.0,11.0,1.4,4.2,4.7,0.78,312.0,gluten
off_3083681094923,konserve,open_food_facts,data\raw\openfoodfacts\images\off_3083681094923.jpg,20.0,82.0,0.1,0.1,2.3,1.3,2.4,1.4,0.79,316.0,
off_3083680652094,konserve,open_food_facts,data\raw\openfoodfacts\images\off_3083680652094.jpg,93.0,394.0,0.5,0.1,14.0,0.5,3.1,6.6,0.76,304.0,gluten;soya
off_8712566246496,konserve,open_food_facts,data\raw\openfoodfacts\images\off_8712566246496.jpg,13.0,58.0,0.5,0.1,2.0,0.7,0.5,0.6,2.3,920.0,
off_3083681029994,konserve,open_food_facts,data\raw\openfoodfacts\images\off_3083681029994.jpg,94.0,392.8,4.4,0.5,11.0,8.6,2.4,1.4,0.8,320.0,gluten
off_3083681057843,konserve,open_food_facts,data\raw\openfoodfacts\images\off_3083681057843.jpg,20.0,82.0,0.1,0.1,2.3,1.3,2.4,1.4,0.79,316.0,
off_3083680085335,konserve,open_food_facts,data\raw\openfoodfacts\images\off_3083680085335.jpg,98.0,411.0,0.8,0.1,13.0,0.5,6.2,6.5,0.81,324.0,gluten;soya
off_20198107,konserve,open_food_facts,data\raw\openfoodfacts\images\off_20198107.jpg,29.0,124.0,0.4,0.0,4.1,3.6,1.2,1.3,0.09,112.0,
off_40122274,konserve,open_food_facts,data\raw\openfoodfacts\images\off_40122274.jpg,30.0,126.0,0.2,0.1,4.9,4.7,,0.9,1.3,520.0,
off_3478822005249,konserve,open_food_facts,data\raw\openfoodfacts\images\off_3478822005249.jpg,102.0,430.0,0.5,0.1,22.0,21.0,2.1,1.2,2.3,920.0,
off_3478820023757,konserve,open_food_facts,data\raw\openfoodfacts\images\off_3478820023757.jpg,76.0038240917781,318.0,0.9,0.2,9.4,0.7,3.5,5.7,0.71,284.0,
off_20153229,konserve,open_food_facts,data\raw\openfoodfacts\images\off_20153229.jpg,77.0,325.0,1.7,0.3,11.5,5.5,2.8,2.6,0.28,0.028,
off_3083681095319,konserve,open_food_facts,data\raw\openfoodfacts\images\off_3083681095319.jpg,22.5477109563837,250.0,0.7,0.0,7.6,3.8,4.2,3.6,0.77,308.0,
off_8005110170300,konserve,open_food_facts,data\raw\openfoodfacts\images\off_8005110170300.jpg,26.0,110.0,0.2,0.1,3.9,2.8,,1.2,0.3,120.0,
off_3083681027860,konserve,open_food_facts,data\raw\openfoodfacts\images\off_3083681027860.jpg,20.0,82.0,0.1,0.1,2.3,1.3,2.4,1.4,0.79,316.0,
off_3083680025881,konserve,open_food_facts,data\raw\openfoodfacts\images\off_3083680025881.jpg,73.0,308.7,1.4,0.2,11.0,5.1,3.0,2.7,0.4,110.0,
off_3083681085891,konserve,open_food_facts,data\raw\openfoodfacts\images\off_3083681085891.jpg,116.0,489.0,0.4,0.1,16.0,0.5,6.8,8.7,0.48,192.0,
off_8005110413520,konserve,open_food_facts,data\raw\openfoodfacts\images\off_8005110413520.jpg,25.0,104.692,0.2,0.1,3.9,2.8,1.324,1.2,0.02,8.0,
off_3478820031479,konserve,open_food_facts,data\raw\openfoodfacts\images\off_3478820031479.jpg,148.0,148.0,0.4,0.4,5.2,3.2,2.2,1.6,0.63,252.0,
off_3083680482042,konserve,open_food_facts,data\raw\openfoodfacts\images\off_3083680482042.jpg,59.0,250.0,0.7,0.0,7.6,3.8,4.2,3.6,0.77,308.0,
off_3083680482035,konserve,open_food_facts,data\raw\openfoodfacts\images\off_3083680482035.jpg,75.0,315.0,0.9,0.1,9.1,3.6,5.3,5.0,0.8,320.0,
off_3083681059793,konserve,open_food_facts,data\raw\openfoodfacts\images\off_3083681059793.jpg,70.0,294.0,3.2,0.6,8.2,6.0,1.4,1.5,0.99,396.0,gluten
off_8711200350377,konserve,open_food_facts,data\raw\openfoodfacts\images\off_8711200350377.jpg,54.0,228.0,2.1,1.2,7.5,3.3,1.0,0.8,0.66,264.0,laktoz
off_3083681148916,konserve,open_food_facts,data\raw\openfoodfacts\images\off_3083681148916.jpg,99.0,411.0,5.7,0.8,8.7,4.7,2.5,1.9,0.88,352.0,gluten
off_8005110004766,konserve,open_food_facts,data\raw\openfoodfacts\images\off_8005110004766.jpg,36.0,132.4,0.5,0.1,5.1,4.5,,1.6,0.4925,197.0,
off_8722700430889,konserve,open_food_facts,data\raw\openfoodfacts\images\off_8722700430889.jpg,13.0,58.0,0.5,0.1,2.0,0.7,0.5,0.6,2.3,920.0,
off_8711200460786,konserve,open_food_facts,data\raw\openfoodfacts\images\off_8711200460786.jpg,14.0,59.0,0.5,0.1,2.2,0.7,2.7,0.7,2.1,840.0,
off_20856090,konserve,open_food_facts,data\raw\openfoodfacts\images\off_20856090.jpg,77.0,325.0,1.7,0.3,11.5,5.5,2.8,2.6,0.28,280.0,
off_8720182748461,konserve,open_food_facts,data\raw\openfoodfacts\images\off_8720182748461.jpg,22.0,93.0,0.5,0.1,0.5,0.5,2.7,1.2,2.4,960.0,
off_3478820013185,konserve,open_food_facts,data\raw\openfoodfacts\images\off_3478820013185.jpg,40.0,169.0,0.0,0.0,3.0,3.0,0.9,0.9,0.02,8.0,
off_8480000171122,konserve,open_food_facts,data\raw\openfoodfacts\images\off_8480000171122.jpg,92.0,384.0,4.7,0.8,10.4,8.5,,1.3,0.6,240.0,
off_20004279,konserve,open_food_facts,data\raw\openfoodfacts\images\off_20004279.jpg,18.0,75.0,0.2,0.2,1.6,1.6,,1.7,1.0,400.0,
off_3083681094282,konserve,open_food_facts,data\raw\openfoodfacts\images\off_3083681094282.jpg,75.0,315.0,0.9,0.1,9.1,3.6,5.3,5.0,0.8,320.0,
off_3456300007817,konserve,open_food_facts,data\raw\openfoodfacts\images\off_3456300007817.jpg,24.0,101.0,0.0,0.0,4.0,3.1,1.3,1.3,0.02,8.0,
off_3083680002929,konserve,open_food_facts,data\raw\openfoodfacts\images\off_3083680002929.jpg,43.0,161.0,0.3,0.1,4.9,0.8,3.7,2.2,0.76,224.0,
off_3760020509941,konserve,open_food_facts,data\raw\openfoodfacts\images\off_3760020509941.jpg,31.0,130.0,0.1,0.0,5.6,4.6,1.5,1.1,0.03,12.0,
off_6111184000527,konserve,open_food_facts,data\raw\openfoodfacts\images\off_6111184000527.jpg,87.0,,0.31,0.12,15.95,1.09,0.0,2.2,0.0079,3.16,
off_3083681101232,konserve,open_food_facts,data\raw\openfoodfacts\images\off_3083681101232.jpg,73.0,309.0,1.4,0.2,11.0,5.1,3.0,2.7,0.28,112.0,
off_6111184000541,konserve,open_food_facts,data\raw\openfoodfacts\images\off_6111184000541.jpg,15.95,67.4,0.31,0.12,1.09,0.68,,2.2,3.16,1264.0,
off_20198114,konserve,open_food_facts,data\raw\openfoodfacts\images\off_20198114.jpg,97.0,405.62,0.5,0.14,15.7,13.2,5.04,4.7,0.7,280.0,
off_3083681011791,konserve,open_food_facts,data\raw\openfoodfacts\images\off_3083681011791.jpg,53.0,219.0,1.7,0.2,5.9,5.4,3.8,1.5,0.63,252.0,gluten
off_8005110171215,konserve,open_food_facts,data\raw\openfoodfacts\images\off_8005110171215.jpg,25.0,94.1,0.2,0.1,3.9,2.8,,1.2,0.02,8.0,
off_3083680613583,konserve,open_food_facts,data\raw\openfoodfacts\images\off_3083680613583.jpg,98.0,415.0,0.6,0.1,14.0,1.1,5.7,6.5,0.77,308.0,
off_3307130801154,konserve,open_food_facts,data\raw\openfoodfacts\images\off_3307130801154.jpg,34.0,144.0,0.0,0.0,4.4,0.7,4.2,2.1,0.55,220.0,
off_3270190134695,konserve,open_food_facts,data\raw\openfoodfacts\images\off_3270190134695.jpg,33.0,140.0,0.0,0.0,4.9,4.8,2.5,1.5,0.3,120.0,
off_3083681139716,konserve,open_food_facts,data\raw\openfoodfacts\images\off_3083681139716.jpg,130.0,547.0,2.0,0.3,22.0,2.0,2.4,4.7,0.73,292.0,gluten
off_6111250470810,konserve,open_food_facts,data\raw\openfoodfacts\images\off_6111250470810.jpg,69.0,289.0,0.6,0.2,11.0,5.5,,3.2,0.3,120.0,
off_3017800502051,konserve,open_food_facts,data\raw\openfoodfacts\images\off_3017800502051.jpg,120.0,505.0,2.5,0.3,15.0,0.3,5.5,6.7,0.01,4.0,
off_3270190153917,konserve,open_food_facts,data\raw\openfoodfacts\images\off_3270190153917.jpg,18.0,77.0,0.0,,1.8,1.4,2.3,1.4,0.5,200.0,
off_3017800006481,konserve,open_food_facts,data\raw\openfoodfacts\images\off_3017800006481.jpg,30.0,125.0,1.0,0.1,3.1,1.8,1.8,1.2,0.57,228.0,
off_20187897,konserve,open_food_facts,data\raw\openfoodfacts\images\off_20187897.jpg,77.0,326.6,1.7,0.3,11.5,5.5,3.0,2.6,0.28,110.0,
off_3083681127430,konserve,open_food_facts,data\raw\openfoodfacts\images\off_3083681127430.jpg,73.0,320.0,1.2,0.2,12.0,6.3,2.8,2.9,0.28,112.0,
off_3083680481991,konserve,open_food_facts,data\raw\openfoodfacts\images\off_3083680481991.jpg,59.0,250.0,0.7,0.0,7.6,3.8,4.2,3.6,0.77,308.0,
off_3270190181231,konserve,open_food_facts,data\raw\openfoodfacts\images\off_3270190181231.jpg,16.0,68.0,1.0,0.2,0.7,0.0,1.2,1.2,1.5,600.0,
off_3083681127850,konserve,open_food_facts,data\raw\openfoodfacts\images\off_3083681127850.jpg,20.0,84.0,0.1,0.1,1.5,0.5,3.5,1.6,0.58,232.0,
off_3560071015367,konserve,open_food_facts,data\raw\openfoodfacts\images\off_3560071015367.jpg,68.0,287.0,0.5,0.2,8.1,0.9,5.4,5.3,0.56,224.0,
off_20543167,konserve,open_food_facts,data\raw\openfoodfacts\images\off_20543167.jpg,27.0,91.8,0.0,0.0,4.0,1.3,,1.4,0.8,320.0,
off_40879321,konserve,open_food_facts,data\raw\openfoodfacts\images\off_40879321.jpg,48.0,201.8,1.0,0.0,6.8,5.5,1.9,2.0,0.025,16.0,
off_3256225042104,konserve,open_food_facts,data\raw\openfoodfacts\images\off_3256225042104.jpg,122.0,512.0,2.7,0.3,15.0,0.5,5.5,6.7,0.41,164.0,
off_3017800010518,konserve,open_food_facts,data\raw\openfoodfacts\images\off_3017800010518.jpg,70.0,296.0,0.5,0.0,9.6,0.1,3.0,5.3,0.62,248.0,
off_8005110172106,konserve,open_food_facts,data\raw\openfoodfacts\images\off_8005110172106.jpg,12.3809523809524,94.1,0.2,0.1,3.9,2.8,,1.2,0.295,118.0,
off_3083681127409,konserve,open_food_facts,data\raw\openfoodfacts\images\off_3083681127409.jpg,80.0,335.0,1.4,0.3,13.0,7.5,3.1,2.2,0.3,120.0,
off_4012200040263,konserve,open_food_facts,data\raw\openfoodfacts\images\off_4012200040263.jpg,33.0,129.7,0.1,0.1,5.9,5.7,1.3,0.9,1.7018,669.0,
off_3760020507947,konserve,open_food_facts,data\raw\openfoodfacts\images\off_3760020507947.jpg,23.0,97.0,0.5,0.0,3.0,3.0,0.9,1.2,0.08,32.0,
off_3022820420216,konserve,open_food_facts,data\raw\openfoodfacts\images\off_3022820420216.jpg,13.0,52.0,0.0,0.0,1.2,0.5,3.1,0.4,0.85,340.0,
off_3560071006822,konserve,open_food_facts,data\raw\openfoodfacts\images\off_3560071006822.jpg,77.0,325.0,1.7,0.3,12.0,5.5,2.8,2.6,0.26,104.0,
off_3560070323289,konserve,open_food_facts,data\raw\openfoodfacts\images\off_3560070323289.jpg,34.0,145.0,0.0,,5.9,5.0,2.1,1.4,0.03,12.0,
off_3083681029987,konserve,open_food_facts,data\raw\openfoodfacts\images\off_3083681029987.jpg,57.0,241.0,1.6,0.2,8.6,6.5,2.1,1.1,0.76,304.0,
off_3560070272174,konserve,open_food_facts,data\raw\openfoodfacts\images\off_3560070272174.jpg,85.0,357.6,1.6,0.2,13.0,5.2,3.3,3.0,0.32,128.0,
off_3307130802625,konserve,open_food_facts,data\raw\openfoodfacts\images\off_3307130802625.jpg,62.0,262.0,0.6,0.2,8.0,1.0,4.5,4.0,0.58,232.0,
off_3335880006222,konserve,open_food_facts,data\raw\openfoodfacts\images\off_3335880006222.jpg,92.0,388.0,1.9,0.3,13.0,3.6,,6.0,0.5,200.0,soya
off_3083680703703,konserve,open_food_facts,data\raw\openfoodfacts\images\off_3083680703703.jpg,70.0,294.0,1.8,0.3,9.5,6.1,2.7,2.6,0.78,312.0,gluten
off_3760020509026,konserve,open_food_facts,data\raw\openfoodfacts\images\off_3760020509026.jpg,137.0,573.0,5.2,0.7,12.0,1.7,7.4,6.9,0.59,236.0,
off_3564700005200,konserve,open_food_facts,data\raw\openfoodfacts\images\off_3564700005200.jpg,24.0,106.9,0.5,0.1,2.3,0.5,3.4,1.3,0.62,248.0,
off_3564700005101,konserve,open_food_facts,data\raw\openfoodfacts\images\off_3564700005101.jpg,94.0,296.0,0.5,0.0,9.8,0.5,3.4,6.0,0.475,190.0,
off_20191573,konserve,open_food_facts,data\raw\openfoodfacts\images\off_20191573.jpg,33.0,136.0,0.5,0.0,5.4,4.5,1.4,1.5,0.88,352.0,
off_6111246721261,sut_urunu,open_food_facts,data\raw\openfoodfacts\images\off_6111246721261.jpg,159.0,643.0,11.0,7.15,10.0,4.0,0.0,5.0,0.1,100.0,laktoz
off_6111242100992,sut_urunu,open_food_facts,data\raw\openfoodfacts\images\off_6111242100992.jpg,97.0,406.0,3.0,0.0,9.4,9.4,0.0,8.0,0.0,0.0,laktoz
off_6111266962187,sut_urunu,open_food_facts,data\raw\openfoodfacts\images\off_6111266962187.jpg,45.0,188.0,1.5,1.0,4.9,0.0,,3.1,0.225,90.0,laktoz
off_6111242106949,sut_urunu,open_food_facts,data\raw\openfoodfacts\images\off_6111242106949.jpg,235.0,984.0,21.0,15.0,3.5,0.0,0.0,8.0,0.46,184.0,laktoz
off_6111242101180,sut_urunu,open_food_facts,data\raw\openfoodfacts\images\off_6111242101180.jpg,58.0,243.6,3.0,0.0,4.8,0.0,,3.0,0.0,0.0,laktoz
off_6111242100985,sut_urunu,open_food_facts,data\raw\openfoodfacts\images\off_6111242100985.jpg,101.0,422.6,6.0,0.0,4.2,0.0,0.0,7.6,0.0,0.0,laktoz
off_6111246721278,sut_urunu,open_food_facts,data\raw\openfoodfacts\images\off_6111246721278.jpg,257.0,1061.0,18.0,0.0,3.1,0.0,0.0,10.0,0.0,0.0,laktoz
off_6111032009665,sut_urunu,open_food_facts,data\raw\openfoodfacts\images\off_6111032009665.jpg,45.0,188.1,1.5,1.0,4.8,0.0,,3.0,0.0,0.0,laktoz
off_3329770077003,sut_urunu,open_food_facts,data\raw\openfoodfacts\images\off_3329770077003.jpg,57.0,241.0,0.5,0.1,3.6,3.6,0.0,9.5,0.14,0.0,laktoz
off_6111242100206,sut_urunu,open_food_facts,data\raw\openfoodfacts\images\off_6111242100206.jpg,78.5,330.0,3.3,2.4,8.0,0.0,0.0,4.2,0.0,0.0,laktoz
off_6111203006653,sut_urunu,open_food_facts,data\raw\openfoodfacts\images\off_6111203006653.jpg,270.0,1032.0,21.0,12.0,6.0,6.0,,9.0,1.5,600.0,laktoz
off_6111259092495,sut_urunu,open_food_facts,data\raw\openfoodfacts\images\off_6111259092495.jpg,225.0,932.0,24.0,14.0,3.0,3.0,0.1,5.0,0.32,128.0,laktoz
off_6111242100817,sut_urunu,open_food_facts,data\raw\openfoodfacts\images\off_6111242100817.jpg,45.0,189.0,1.5,1.0,4.9,0.0,,3.1,0.0,0.0,
off_6111246722107,sut_urunu,open_food_facts,data\raw\openfoodfacts\images\off_6111246722107.jpg,298.0,1248.0,26.0,16.5,9.0,4.0,0.0,7.0,1.2,480.0,laktoz
off_6111242100305,sut_urunu,open_food_facts,data\raw\openfoodfacts\images\off_6111242100305.jpg,109.0,459.5,3.0,0.4,16.9,2.0,,3.6,0.0,0.0,laktoz
off_6111032001003,sut_urunu,open_food_facts,data\raw\openfoodfacts\images\off_6111032001003.jpg,95.5,399.0,2.7,1.8,14.0,8.0,2.0,3.4,0.0,0.0,
off_6111206000733,sut_urunu,open_food_facts,data\raw\openfoodfacts\images\off_6111206000733.jpg,225.0,930.8,19.0,13.0,6.9,0.0,0.0,6.5,0.76,304.0,laktoz
off_3480341000674,sut_urunu,open_food_facts,data\raw\openfoodfacts\images\off_3480341000674.jpg,84.0,359.6,0.3,0.2,4.5,2.9,,16.0,1.3,511.0,laktoz
off_6111099003897,sut_urunu,open_food_facts,data\raw\openfoodfacts\images\off_6111099003897.jpg,675.0,,75.0,34.0,0.2,0.0,0.0,0.1,0.5,200.0,
off_6111266963207,sut_urunu,open_food_facts,data\raw\openfoodfacts\images\off_6111266963207.jpg,53.6,173.0,2.5,1.8,4.8,0.0,,3.0,0.0,0.0,laktoz
off_6111032006619,sut_urunu,open_food_facts,data\raw\openfoodfacts\images\off_6111032006619.jpg,72.0,306.0,1.7,1.1,12.4,9.0,0.0,1.9,0.0,0.0,laktoz
off_3412290070101,sut_urunu,open_food_facts,data\raw\openfoodfacts\images\off_3412290070101.jpg,252.0,1039.0,24.0,17.0,3.0,3.0,0.0,5.9,1.1,440.0,laktoz
off_6111032008583,sut_urunu,open_food_facts,data\raw\openfoodfacts\images\off_6111032008583.jpg,137.0,576.9,7.0,4.8,11.7,7.2,,7.0,0.5,200.0,laktoz
off_8420756010320,sut_urunu,open_food_facts,data\raw\openfoodfacts\images\off_8420756010320.jpg,48.0,203.0,1.5,1.0,4.7,4.7,,3.4,0.13,52.0,laktoz
off_6111246721940,sut_urunu,open_food_facts,data\raw\openfoodfacts\images\off_6111246721940.jpg,234.7,991.6,23.5,0.0,4.9,0.0,0.0,4.9,0.0,0.0,laktoz
off_6111032000600,sut_urunu,open_food_facts,data\raw\openfoodfacts\images\off_6111032000600.jpg,58.0,243.6,3.0,2.0,4.8,,,3.0,,,
off_6111259092525,sut_urunu,open_food_facts,data\raw\openfoodfacts\images\off_6111259092525.jpg,170.0,711.76,18.0,10.0,3.0,3.0,0.1,5.0,0.12,48.0,laktoz
off_3480341000636,sut_urunu,open_food_facts,data\raw\openfoodfacts\images\off_3480341000636.jpg,193.0,802.0,15.0,11.0,2.5,2.5,,12.0,1.2,480.0,laktoz
off_6111259093096,sut_urunu,open_food_facts,data\raw\openfoodfacts\images\off_6111259093096.jpg,225.0,932.0,20.0,13.0,2.0,0.0,0.1,9.0,0.32,128.0,
off_6111037000599,sut_urunu,open_food_facts,data\raw\openfoodfacts\images\off_6111037000599.jpg,532.0,2224.0,60.0,21.0,0.2,0.0,5.0,0.2,0.0,0.0,soya
off_6111246954461,sut_urunu,open_food_facts,data\raw\openfoodfacts\images\off_6111246954461.jpg,138.0,572.0,11.5,7.7,6.14,3.5,,2.5,0.8,320.0,laktoz
off_6111246722039,sut_urunu,open_food_facts,data\raw\openfoodfacts\images\off_6111246722039.jpg,228.0,953.0,21.0,0.0,4.0,0.0,0.0,4.8,0.0,0.0,laktoz
off_6111246721964,sut_urunu,open_food_facts,data\raw\openfoodfacts\images\off_6111246721964.jpg,225.0,931.0,20.0,,4.0,,,6.0,,,
off_6111242101050,sut_urunu,open_food_facts,data\raw\openfoodfacts\images\off_6111242101050.jpg,45.0,184.1,1.3,0.9,4.8,0.0,0.0,3.2,0.0,0.0,laktoz
off_6111032001010,sut_urunu,open_food_facts,data\raw\openfoodfacts\images\off_6111032001010.jpg,95.0,397.0,2.7,1.8,0.0,14.3,0.0,3.4,0.1,40.0,
off_3272770098090,sut_urunu,open_food_facts,data\raw\openfoodfacts\images\off_3272770098090.jpg,205.0,851.0,17.8,13.2,3.0,3.0,,8.3,1.2,480.0,laktoz
off_6111242105331,sut_urunu,open_food_facts,data\raw\openfoodfacts\images\off_6111242105331.jpg,746.0,3052.7,82.0,56.0,1.0,1.0,,0.1,0.0,0.0,
off_6111242103702,sut_urunu,open_food_facts,data\raw\openfoodfacts\images\off_6111242103702.jpg,140.0,584.0,7.0,4.0,16.1,9.0,,3.3,0.0,0.0,findik;gluten;laktoz
off_8424893600352,sut_urunu,open_food_facts,data\raw\openfoodfacts\images\off_8424893600352.jpg,75.0,315.0,4.2,2.8,5.5,5.5,,3.9,0.15,60.0,
off_6111242100930,sut_urunu,open_food_facts,data\raw\openfoodfacts\images\off_6111242100930.jpg,75.3,324.08,1.38,0.8,13.58,13.5,0.0,2.48,0.0,0.0,
off_3451790988677,sut_urunu,open_food_facts,data\raw\openfoodfacts\images\off_3451790988677.jpg,375.0,3060.0,82.0,57.0,0.8,0.8,0.0,0.7,0.05,20.0,laktoz
off_6111266960336,sut_urunu,open_food_facts,data\raw\openfoodfacts\images\off_6111266960336.jpg,262.0,1086.0,22.0,15.2,6.0,0.0,0.0,10.0,1.6,640.0,laktoz
off_5411188103387,sut_urunu,open_food_facts,data\raw\openfoodfacts\images\off_5411188103387.jpg,65.0,279.0,2.2,0.4,7.5,7.5,0.9,3.7,0.2,79.0,soya
off_6111242102002,sut_urunu,open_food_facts,data\raw\openfoodfacts\images\off_6111242102002.jpg,106.0,4.0,3.0,2.2,16.0,7.5,1.1,3.5,0.0,0.0,laktoz
off_6111032008453,sut_urunu,open_food_facts,data\raw\openfoodfacts\images\off_6111032008453.jpg,132.2,554.1,6.3,4.3,12.3,8.6,,6.5,0.07,28.0,
off_3412290070071,sut_urunu,open_food_facts,data\raw\openfoodfacts\images\off_3412290070071.jpg,252.0,1039.0,24.0,17.0,3.0,3.0,0.0,5.9,1.1,440.0,laktoz
off_6111242102781,sut_urunu,open_food_facts,data\raw\openfoodfacts\images\off_6111242102781.jpg,119.0,4.0,5.0,4.2,14.3,9.0,0.0,4.2,0.0,0.0,laktoz
off_3272770097642,sut_urunu,open_food_facts,data\raw\openfoodfacts\images\off_3272770097642.jpg,205.0,851.0,17.8,13.2,3.0,3.0,,8.3,1.2,480.0,laktoz
off_6111250470742,sut_urunu,open_food_facts,data\raw\openfoodfacts\images\off_6111250470742.jpg,58.0,243.0,3.0,0.0,4.8,0.0,0.0,3.0,0.0,0.0,laktoz
off_6111266962446,sut_urunu,open_food_facts,data\raw\openfoodfacts\images\off_6111266962446.jpg,167.8,704.0,7.4,4.8,,20.0,,5.3,0.0,0.0,laktoz
off_6111126003821,sut_urunu,open_food_facts,data\raw\openfoodfacts\images\off_6111126003821.jpg,57.2078065492704,239.497088435081,2.90887151945442,1.61603973303024,4.75115681510889,4.75115681510889,,3.00583390343624,0.0861887857616126,34.475514304645,laktoz
off_6111032002925,sut_urunu,open_food_facts,data\raw\openfoodfacts\images\off_6111032002925.jpg,66.2,280.0,3.0,2.0,6.7,6.7,,3.0,0.34125,136.5,
off_6111242103528,sut_urunu,open_food_facts,data\raw\openfoodfacts\images\off_6111242103528.jpg,64.0,270.0,2.6,0.0,7.7,0.8,0.0,2.5,0.0775,31.0,laktoz
off_6111242102767,sut_urunu,open_food_facts,data\raw\openfoodfacts\images\off_6111242102767.jpg,119.0,499.5,5.0,4.2,14.3,9.0,,4.2,0.0,0.0,laktoz
off_6111032000631,sut_urunu,open_food_facts,data\raw\openfoodfacts\images\off_6111032000631.jpg,58.0,,3.0,2.0,,4.8,,3.0,,,
off_6111266962651,sut_urunu,open_food_facts,data\raw\openfoodfacts\images\off_6111266962651.jpg,191.0,45.0,1.5,1.1,,0.0,,3.0,0.0,0.0,laktoz
off_6111246950845,sut_urunu,open_food_facts,data\raw\openfoodfacts\images\off_6111246950845.jpg,55.0,230.0,3.0,2.0,,4.0,,3.0,0.1,40.0,
off_6111250012416,sut_urunu,open_food_facts,data\raw\openfoodfacts\images\off_6111250012416.jpg,46.0,194.0,1.5,1.0,4.9,0.0,,3.0,0.0,0.0,laktoz
off_6111032002208,sut_urunu,open_food_facts,data\raw\openfoodfacts\images\off_6111032002208.jpg,101.0,435.24,3.3,2.0,14.3,14.3,1.53,3.4,0.0,0.0,gluten;laktoz
off_6111246721735,sut_urunu,open_food_facts,data\raw\openfoodfacts\images\off_6111246721735.jpg,225.0,941.4,21.0,,3.6,,0.0,3.8,0.0,0.0,laktoz
off_6111242102187,sut_urunu,open_food_facts,data\raw\openfoodfacts\images\off_6111242102187.jpg,80.0,339.7,1.6,0.6,13.3,12.0,,3.2,0.2,80.0,
off_3248340054063,sut_urunu,open_food_facts,data\raw\openfoodfacts\images\off_3248340054063.jpg,47.0,197.0,1.6,1.0,4.8,4.8,0.0,3.3,0.09,36.0,laktoz
off_6111099005396,sut_urunu,open_food_facts,data\raw\openfoodfacts\images\off_6111099005396.jpg,675.0,2826.0,75.0,34.0,0.2,0.0,0.0,0.1,0.5,200.0,laktoz
off_3329770073265,sut_urunu,open_food_facts,data\raw\openfoodfacts\images\off_3329770073265.jpg,57.0,241.8,0.5,0.1,3.6,3.6,0.5,9.3,0.15,23603.0,laktoz
off_6111242105638,sut_urunu,open_food_facts,data\raw\openfoodfacts\images\off_6111242105638.jpg,58.0,241.9,3.0,1.3,4.7,0.0,,3.0,0.0,0.0,laktoz
off_6111028000980,sut_urunu,open_food_facts,data\raw\openfoodfacts\images\off_6111028000980.jpg,230.0,950.0,20.0,13.0,3.5,2.0,,9.0,1.6,640.0,laktoz
off_3329770051072,sut_urunu,open_food_facts,data\raw\openfoodfacts\images\off_3329770051072.jpg,87.0,364.0,3.8,2.5,4.1,4.1,0.1,9.0,0.075,30.0,laktoz
off_6111242104556,sut_urunu,open_food_facts,data\raw\openfoodfacts\images\off_6111242104556.jpg,53.7,225.1,2.5,1.7,5.1,4.8,0.0,3.0,0.0,0.0,laktoz
off_6111028001024,sut_urunu,open_food_facts,data\raw\openfoodfacts\images\off_6111028001024.jpg,225.0,950.0,20.0,13.125,3.75,1.875,,8.75,1.625,650.0,
off_3278693504076,sut_urunu,open_food_facts,data\raw\openfoodfacts\images\off_3278693504076.jpg,107.0,454.0,1.8,1.1,17.0,17.0,,5.8,0.22,88.0,laktoz
off_8436547770137,sut_urunu,open_food_facts,data\raw\openfoodfacts\images\off_8436547770137.jpg,74.0,308.4,4.2,2.9,5.1,2.3,,3.9,0.0002,0.0,laktoz
off_6111242102019,sut_urunu,open_food_facts,data\raw\openfoodfacts\images\off_6111242102019.jpg,3.0,2.0,7.0,3.0,18.0,7.0,3.0,2.0,4.0,1600.0,
off_6132500711040,sut_urunu,open_food_facts,data\raw\openfoodfacts\images\off_6132500711040.jpg,550.0,2294.0,32.8,9.88,54.4,52.2,2.41,8.0,0.164,65.60000000000001,findik;laktoz;soya
off_3661344288690,sut_urunu,open_food_facts,data\raw\openfoodfacts\images\off_3661344288690.jpg,146.0,614.0,5.0,3.4,20.1,17.6,,4.4,0.27,108.0,laktoz
off_6111126001988,sut_urunu,open_food_facts,data\raw\openfoodfacts\images\off_6111126001988.jpg,48.0,201.0,1.8,0.013,5.0,3.4,,3.0,0.13,52.0,laktoz
off_6111260230619,sut_urunu,open_food_facts,data\raw\openfoodfacts\images\off_6111260230619.jpg,281.0,789.0,8.0,10.0,21.0,0.0,,8.0,3.25,1300.0,
off_6111028001222,sut_urunu,open_food_facts,data\raw\openfoodfacts\images\off_6111028001222.jpg,379.518072289157,1448.85542168675,31.3253012048193,20.4819277108434,3.79518072289157,3.01204819277108,,13.2530120481928,3.31325301204819,1325.30120481928,
off_6111246953679,sut_urunu,open_food_facts,data\raw\openfoodfacts\images\off_6111246953679.jpg,105.0,438.0,3.8,2.5,,10.0,,6.5,0.25,100.0,laktoz
off_3073781131925,sut_urunu,open_food_facts,data\raw\openfoodfacts\images\off_3073781131925.jpg,303.0,1269.0,29.0,19.5,2.0,2.0,,9.0,1.3,520.0,laktoz
off_3412290070385,sut_urunu,open_food_facts,data\raw\openfoodfacts\images\off_3412290070385.jpg,252.0,1039.0,24.0,17.0,3.0,3.0,,5.9,0.6,240.0,laktoz
off_7622210103314,sut_urunu,open_food_facts,data\raw\openfoodfacts\images\off_7622210103314.jpg,249.0,1028.0,25.0,16.0,2.8,2.8,0.2,3.7,1.06,424.0,laktoz
off_6111203007520,sut_urunu,open_food_facts,data\raw\openfoodfacts\images\off_6111203007520.jpg,635.0,2659.0,70.0,,,0.7,,0.5,1.75,700.0,
off_3033491451652,sut_urunu,open_food_facts,data\raw\openfoodfacts\images\off_3033491451652.jpg,143.0,586.0,9.5,6.7,4.5,4.5,,9.3,0.08,32.0,laktoz
off_6111206000696,sut_urunu,open_food_facts,data\raw\openfoodfacts\images\off_6111206000696.jpg,234.0,1026.0,20.0,10.0,5.5,5.5,,8.0,1.0,400.0,laktoz
off_3073781131888,sut_urunu,open_food_facts,data\raw\openfoodfacts\images\off_3073781131888.jpg,303.0,1269.0,29.0,19.5,2.0,2.0,,9.0,1.3,520.0,laktoz
off_6111246721957,sut_urunu,open_food_facts,data\raw\openfoodfacts\images\off_6111246721957.jpg,234.7,991.6,23.5,,1.8,0.0,0.0,20.0,0.0,0.0,
off_3272770095334,sut_urunu,open_food_facts,data\raw\openfoodfacts\images\off_3272770095334.jpg,130.0,553.0,8.0,5.5,5.0,5.0,0.0,10.0,1.0,400.0,laktoz
off_6111126005894,sut_urunu,open_food_facts,data\raw\openfoodfacts\images\off_6111126005894.jpg,44.0,185.3,1.7,1.19,4.5,4.2,,2.7,0.1275,51.0,
off_6111035000430,icecek,open_food_facts,data\raw\openfoodfacts\images\off_6111035000430.jpg,0.0,2.0,0.0,0.0,4.2,1.4,0.0,0.0,0.0,0.0,
off_6111035000058,icecek,open_food_facts,data\raw\openfoodfacts\images\off_6111035000058.jpg,0.0,0.0,0.0,,0.0,,,0.0,0.006,2.4,
off_6111128000071,icecek,open_food_facts,data\raw\openfoodfacts\images\off_6111128000071.jpg,0.0,0.0,0.0,0.0,0.0,0.0,0.0,0.0,0.0,0.0,
off_6111252421568,icecek,open_food_facts,data\raw\openfoodfacts\images\off_6111252421568.jpg,0.0,0.0,0.0,0.0,0.0,0.0,0.0,0.0,0.000508,0.20320000000000002,
off_6111035000027,icecek,open_food_facts,data\raw\openfoodfacts\images\off_6111035000027.jpg,0.0,0.0,0.0,0.0,0.0,0.0,,0.0,0.0065,2.6,
off_6111035502828,icecek,open_food_facts,data\raw\openfoodfacts\images\off_6111035502828.jpg,0.0,0.0,0.0,0.0,0.0,0.0,0.0,0.0,0.0,0.0,
off_5449000054227,icecek,open_food_facts,data\raw\openfoodfacts\images\off_5449000054227.jpg,42.0,180.0,0.0,0.0,10.6,10.6,0.0,0.0,0.0,0.0,
off_6111252421582,icecek,open_food_facts,data\raw\openfoodfacts\images\off_6111252421582.jpg,0.0,0.0,0.0,0.0,0.0,0.0,,0.0,0.0,0.0,
off_5449000147417,icecek,open_food_facts,data\raw\openfoodfacts\images\off_5449000147417.jpg,39.0,165.0,0.0,0.0,9.0,7.0,,0.0,0.126,50.4,
off_5411188112709,icecek,open_food_facts,data\raw\openfoodfacts\images\off_5411188112709.jpg,15.0,61.0,1.1,0.1,0.0,0.0,0.3,0.5,0.15,60.0,findik
off_3168930163480,icecek,open_food_facts,data\raw\openfoodfacts\images\off_3168930163480.jpg,40.0,165.8,2.2,0.4,3.5,3.3,1.2,0.9,0.61,244.0,
off_42104964,icecek,open_food_facts,data\raw\openfoodfacts\images\off_42104964.jpg,0.0,0.0,0.0,0.0,0.0,0.0,,0.0,0.13,52.0,
off_5449000061515,icecek,open_food_facts,data\raw\openfoodfacts\images\off_5449000061515.jpg,0.0,0.0,0.0,0.0,0.0,0.0,0.0,0.0,0.05,20.0,
off_6111128000163,icecek,open_food_facts,data\raw\openfoodfacts\images\off_6111128000163.jpg,0.0,0.0,0.0,0.0,0.0,0.0,,0.0,0.0,0.0,
off_5449000214799,icecek,open_food_facts,data\raw\openfoodfacts\images\off_5449000214799.jpg,1.0,4.0,0.0,0.0,0.0,0.0,0.0,0.0,0.03,0.0,
off_6111128000088,icecek,open_food_facts,data\raw\openfoodfacts\images\off_6111128000088.jpg,0.0,0.0,0.0,0.0,0.0,0.0,,0.0,0.0,0.0,
off_5449000214911,icecek,open_food_facts,data\raw\openfoodfacts\images\off_5449000214911.jpg,42.0,180.0,0.0,0.0,10.6,10.6,,0.0,0.0,0.0,
off_6111035001635,icecek,open_food_facts,data\raw\openfoodfacts\images\off_6111035001635.jpg,0.0,,0.0,0.0,0.0,0.0,,0.0,0.12,48.0,
off_3268840001008,icecek,open_food_facts,data\raw\openfoodfacts\images\off_3268840001008.jpg,0.0,0.0,0.0,0.0,0.0,0.0,0.0,0.0,0.00476,1.9040000000000001,
off_6111035001673,icecek,open_food_facts,data\raw\openfoodfacts\images\off_6111035001673.jpg,0.0,0.0,0.0,0.0,0.0,0.0,0.0,0.0,0.024,9.6,
off_6111018903161,icecek,open_food_facts,data\raw\openfoodfacts\images\off_6111018903161.jpg,267.0,1118.0,0.5,0.2,34.0,3.7,17.0,8.0,0.025,10.0,
off_3229820787015,icecek,open_food_facts,data\raw\openfoodfacts\images\off_3229820787015.jpg,25.0,102.0,1.7,0.2,1.6,0.5,,0.7,0.05,20.0,findik
off_5411188124689,icecek,open_food_facts,data\raw\openfoodfacts\images\off_5411188124689.jpg,44.0,183.5,1.5,0.2,6.4,0.0,0.7,0.8,0.1,36.0,gluten
off_5449000000996,icecek,open_food_facts,data\raw\openfoodfacts\images\off_5449000000996.jpg,42.0,180.0,0.0,0.0,10.6,10.6,,0.0,0.0,0.0,
off_6111251420166,icecek,open_food_facts,data\raw\openfoodfacts\images\off_6111251420166.jpg,0.0,,0.0,0.0,0.0,0.0,,0.0,3e-06,0.0012,
off_3229820792132,icecek,open_food_facts,data\raw\openfoodfacts\images\off_3229820792132.jpg,45.0,187.0,1.5,0.3,7.0,4.0,0.5,0.5,0.09,36.0,gluten
off_5411188110835,icecek,open_food_facts,data\raw\openfoodfacts\images\off_5411188110835.jpg,23.0,98.0,1.2,0.0,2.6,2.4,0.3,0.5,0.1475,59.0,findik
off_6111035003004,icecek,open_food_facts,data\raw\openfoodfacts\images\off_6111035003004.jpg,0.0,0.0,0.0,0.0,0.0,0.0,0.0,0.0,0.078375,31.35,
off_5449000000439,icecek,open_food_facts,data\raw\openfoodfacts\images\off_5449000000439.jpg,45.0,180.0,0.0,0.0,11.2,11.2,0.0,0.0,0.0,0.0,
off_8002270014901,icecek,open_food_facts,data\raw\openfoodfacts\images\off_8002270014901.jpg,0.0,0.0001,0.0,0.0,0.0,0.0,,0.0,0.0,0.0,
off_6111252421575,icecek,open_food_facts,data\raw\openfoodfacts\images\off_6111252421575.jpg,1.0,,0.1,0.1,0.1,0.1,0.0,0.1,0.1,40.0,
off_3068320123264,icecek,open_food_facts,data\raw\openfoodfacts\images\off_3068320123264.jpg,0.0,0.0,0.0,0.0,0.0,0.0,0.0,0.0,0.00125,0.5,
off_5449000036872,icecek,open_food_facts,data\raw\openfoodfacts\images\off_5449000036872.jpg,41.0,202.0,0.0,0.0,10.0,9.5,4.0,0.0,0.026,10.4,
off_3057640257773,icecek,open_food_facts,data\raw\openfoodfacts\images\off_3057640257773.jpg,0.0,0.0,0.0,0.0,0.0,0.0,0.0,0.0,0.003,1.2,
off_5411188115366,icecek,open_food_facts,data\raw\openfoodfacts\images\off_5411188115366.jpg,46.0,177.0,1.5,0.2,6.6,3.1,0.7,0.8,0.1,40.0,gluten
off_6923818812082,icecek,open_food_facts,data\raw\openfoodfacts\images\off_6923818812082.jpg,0.5,200.0,0.5,0.5,0.5,0.2,0.2,0.5,0.1,40.0,
off_6111248360130,icecek,open_food_facts,data\raw\openfoodfacts\images\off_6111248360130.jpg,0.0,0.0,0.0,0.0,0.0,0.0,,0.0,0.0,0.0,
off_4056489346357,icecek,open_food_facts,data\raw\openfoodfacts\images\off_4056489346357.jpg,14.0,56.0,1.2,0.1,0.0,0.0,0.2,0.5,0.15,60.0,findik;gluten
off_5449000206770,icecek,open_food_facts,data\raw\openfoodfacts\images\off_5449000206770.jpg,0.0,0.0,0.0,0.0,0.0,0.0,0.0,0.0,0.00625,2.5,
off_5449000133328,icecek,open_food_facts,data\raw\openfoodfacts\images\off_5449000133328.jpg,0.0,1.0,0.0,0.0,0.0,0.0,0.0,0.0,0.02,8.0,
off_6111035502941,icecek,open_food_facts,data\raw\openfoodfacts\images\off_6111035502941.jpg,0.0,0.0,0.0,0.0,0.0,0.0,,0.0,0.0,0.0,
off_6111035003509,icecek,open_food_facts,data\raw\openfoodfacts\images\off_6111035003509.jpg,0.0,0.0,0.0,0.0,0.0,0.0,,0.0,0.0,0.0,
off_5449000131805,icecek,open_food_facts,data\raw\openfoodfacts\images\off_5449000131805.jpg,0.2,0.0,0.0,0.0,0.0,0.0,,0.0,0.02,8.0,
off_3229820787008,icecek,open_food_facts,data\raw\openfoodfacts\images\off_3229820787008.jpg,29.0,131.1,1.2,0.2,4.6,3.3,,0.5,0.06,24.0,findik
off_3257971309114,icecek,open_food_facts,data\raw\openfoodfacts\images\off_3257971309114.jpg,0.0,0.0,0.0,0.0,0.0,0.0,,0.0,0.00075,0.3,
off_5411188116592,icecek,open_food_facts,data\raw\openfoodfacts\images\off_5411188116592.jpg,20.0,84.0,0.8,0.8,2.7,1.9,0.1,0.1,0.12,48.0,
off_3168930159896,icecek,open_food_facts,data\raw\openfoodfacts\images\off_3168930159896.jpg,13.0,56.0,0.0,0.0,3.1,3.0,,0.0,0.03,12.0,
off_54491472,icecek,open_food_facts,data\raw\openfoodfacts\images\off_54491472.jpg,44.0,185.3,0.0,0.0,10.9,10.9,0.0,0.0,0.0,0.0,
off_8886303210238,icecek,open_food_facts,data\raw\openfoodfacts\images\off_8886303210238.jpg,182.0,749.0,18.0,17.0,2.9,2.2,0.5,2.0,0.03,12.0,
off_5449000131836,icecek,open_food_facts,data\raw\openfoodfacts\images\off_5449000131836.jpg,0.2,0.0,0.0,0.0,0.0,0.0,0.0,0.0,0.05,20.0,
off_6111266962910,icecek,open_food_facts,data\raw\openfoodfacts\images\off_6111266962910.jpg,37.0,155.0,0.0,0.0,8.7,4.5,0.2,0.1,0.0025,1.0,
off_6111242104198,icecek,open_food_facts,data\raw\openfoodfacts\images\off_6111242104198.jpg,37.0,151.2,0.0,0.0,8.7,4.5,0.2,0.1,0.0025,1.0,
off_3068320120256,icecek,open_food_facts,data\raw\openfoodfacts\images\off_3068320120256.jpg,0.0,0.0,0.0,0.0,0.0,0.0,0.0,0.0,0.00165,0.66,
off_6111017007013,icecek,open_food_facts,data\raw\openfoodfacts\images\off_6111017007013.jpg,366.0,1554.0,2.9,2.9,79.9,79.9,,5.2,0.17,68.0,
off_3124480186560,icecek,open_food_facts,data\raw\openfoodfacts\images\off_3124480186560.jpg,287.0,120.0,0.0,0.0,6.6,6.6,,0.1,0.03,12.0,
off_4056489028109,icecek,open_food_facts,data\raw\openfoodfacts\images\off_4056489028109.jpg,35.0,157.5,0.4,0.0,7.9,7.6,0.2,0.4,0.0,0.0,
off_3229820801087,icecek,open_food_facts,data\raw\openfoodfacts\images\off_3229820801087.jpg,29.0,120.0,0.9,0.2,4.5,0.5,,0.6,0.09,36.0,
off_42105220,icecek,open_food_facts,data\raw\openfoodfacts\images\off_42105220.jpg,42.0,180.0,0.0,0.0,10.6,10.6,,0.0,0.0,0.0,
off_6111242107366,icecek,open_food_facts,data\raw\openfoodfacts\images\off_6111242107366.jpg,33.1,140.0,0.0,0.0,7.6,3.0,0.2,0.3,0.0,1000.0,
off_3187570015447,icecek,open_food_facts,data\raw\openfoodfacts\images\off_3187570015447.jpg,0.0,2.78,0.02,0.0,0.0,0.0,0.0,0.12,0.0,0.0,
off_90382383,icecek,open_food_facts,data\raw\openfoodfacts\images\off_90382383.jpg,37.0,153.0,0.0,0.0,9.0,7.0,,0.0,0.05,20.0,
off_5449000000286,icecek,open_food_facts,data\raw\openfoodfacts\images\off_5449000000286.jpg,42.0,180.0,0.0,0.0,10.6,10.6,0.0,0.0,0.0,0.0,
off_5411188115472,icecek,open_food_facts,data\raw\openfoodfacts\images\off_5411188115472.jpg,39.0,164.1,1.8,0.3,2.5,2.5,0.5,3.0,0.09,36.0,soya
off_90338243,icecek,open_food_facts,data\raw\openfoodfacts\images\off_90338243.jpg,42.0,180.0,,,10.6,10.6,,,,,
off_7622210449283,atistirmalik,open_food_facts,data\raw\openfoodfacts\images\off_7622210449283.jpg,467.0,1962.0,17.0,5.6,69.0,32.0,4.0,6.3,0.49,196.0,gluten;laktoz;soya;yumurta
off_3046920029759,atistirmalik,open_food_facts,data\raw\openfoodfacts\images\off_3046920029759.jpg,592.0,2555.0,55.0,30.0,14.0,7.0,14.0,10.0,0.03,12.0,
off_06175700,atistirmalik,open_food_facts,data\raw\openfoodfacts\images\off_06175700.jpg,388.0,1631.0,2.8,0.6,75.0,2.6,4.4,13.4,0.68,272.0,
off_3175680011480,atistirmalik,open_food_facts,data\raw\openfoodfacts\images\off_3175680011480.jpg,467.0,1961.0,18.0,2.0,64.0,17.0,4.6,10.0,0.38,152.0,gluten
off_3046920022651,atistirmalik,open_food_facts,data\raw\openfoodfacts\images\off_3046920022651.jpg,566.0,2350.0,41.0,24.0,35.0,30.0,,9.5,0.02,8.0,
off_3046920022606,atistirmalik,open_food_facts,data\raw\openfoodfacts\images\off_3046920022606.jpg,584.0,2418.0,46.0,27.0,22.0,15.0,0.0,12.5,0.02,8.0,
off_6111031005064,atistirmalik,open_food_facts,data\raw\openfoodfacts\images\off_6111031005064.jpg,504.347826086957,2117.39130434783,22.1739130434783,10.8695652173913,71.7391304347826,40.0,0.434782608695652,4.34782608695652,0.217391304347826,86.95652173913041,gluten;laktoz;soya
off_3229820100234,atistirmalik,open_food_facts,data\raw\openfoodfacts\images\off_3229820100234.jpg,476.0,1996.0,19.0,6.3,66.0,27.0,5.2,7.6,0.49,196.0,gluten;laktoz;soya
off_3284230006408,atistirmalik,open_food_facts,data\raw\openfoodfacts\images\off_3284230006408.jpg,336.0,1413.0,9.4,0.9,52.0,13.0,3.9,8.8,0.95,380.0,gluten;yumurta
off_7300400481595,atistirmalik,open_food_facts,data\raw\openfoodfacts\images\off_7300400481595.jpg,336.0,1415.0,1.5,0.4,62.0,1.0,19.0,9.0,1.0,400.0,gluten
off_7300400481588,atistirmalik,open_food_facts,data\raw\openfoodfacts\images\off_7300400481588.jpg,333.0,1397.0,5.0,1.0,47.0,2.0,26.0,12.0,1.2,480.0,gluten
off_3175681851849,atistirmalik,open_food_facts,data\raw\openfoodfacts\images\off_3175681851849.jpg,457.0,1917.2,17.0,1.5,63.0,11.0,5.9,10.0,0.01,4.0,findik;gluten
off_3251490332080,atistirmalik,open_food_facts,data\raw\openfoodfacts\images\off_3251490332080.jpg,450.0,1876.2,18.0,1.6,55.0,16.0,14.0,9.6,0.18,76.0,gluten
off_8410376009392,atistirmalik,open_food_facts,data\raw\openfoodfacts\images\off_8410376009392.jpg,431.0,1912.1,17.0,17.0,65.0,5.0,9.3,6.1,0.65,256.0,gluten;soya
off_3175681851856,atistirmalik,open_food_facts,data\raw\openfoodfacts\images\off_3175681851856.jpg,441.0,1855.9,14.0,1.2,68.0,17.0,5.1,8.3,0.2,80.0,gluten
off_3362600011044,atistirmalik,open_food_facts,data\raw\openfoodfacts\images\off_3362600011044.jpg,440.0,1849.2936,10.8235,5.2941,76.4706,24.2353,2.3529,7.6471,0.882353,352.94120000000004,gluten
off_5410041001204,atistirmalik,open_food_facts,data\raw\openfoodfacts\images\off_5410041001204.jpg,482.0,2002.3,19.0,9.0,67.0,7.1,2.4,8.3,1.7,669.0,gluten;yumurta
off_20995553,atistirmalik,open_food_facts,data\raw\openfoodfacts\images\off_20995553.jpg,554.0,2557.1,44.2,26.7,35.3,12.7,15.4,11.5,7.5e-05,0.030000000000000002,soya
off_3229820794525,atistirmalik,open_food_facts,data\raw\openfoodfacts\images\off_3229820794525.jpg,454.0,1903.1,18.0,3.2,61.0,17.0,7.8,8.1,0.63,244.0,gluten;yumurta
off_3256540000698,atistirmalik,open_food_facts,data\raw\openfoodfacts\images\off_3256540000698.jpg,353.0,1485.0,11.0,4.0,55.0,11.0,3.5,8.6,0.00275,1.1,gluten;laktoz;yumurta
off_3587220002252,atistirmalik,open_food_facts,data\raw\openfoodfacts\images\off_3587220002252.jpg,341.0,1434.0,12.0,7.4,49.0,13.0,,8.1,1.12,448.0,gluten;laktoz;yumurta
off_80176800,atistirmalik,open_food_facts,data\raw\openfoodfacts\images\off_80176800.jpg,533.33,2211.4,30.67,10.67,57.33,56.0,0.0,6.0,1.07,428.0,findik;laktoz;soya
off_8000500310427,atistirmalik,open_food_facts,data\raw\openfoodfacts\images\off_8000500310427.jpg,515.0,2158.0,24.8,11.5,64.0,35.8,,7.9,0.559,223.6,findik;gluten;laktoz;soya
off_3284230011884,atistirmalik,open_food_facts,data\raw\openfoodfacts\images\off_3284230011884.jpg,345.0,1451.0,11.0,1.2,51.0,8.7,2.4,9.3,0.9,360.0,gluten;laktoz;yumurta
off_6111031005439,atistirmalik,open_food_facts,data\raw\openfoodfacts\images\off_6111031005439.jpg,411.111111111111,1716.66666666667,19.7222222222222,11.9444444444444,55.5555555555556,38.8888888888889,1.66666666666667,4.16666666666667,0.527777777777778,139.166666666667,gluten;laktoz;soya
off_3041090063206,atistirmalik,open_food_facts,data\raw\openfoodfacts\images\off_3041090063206.jpg,375.0,1591.0,2.8,1.0,75.0,7.9,5.4,11.0,1.6,640.0,gluten;laktoz
off_3175681851863,atistirmalik,open_food_facts,data\raw\openfoodfacts\images\off_3175681851863.jpg,457.0,1914.2,19.0,1.9,56.0,15.0,6.9,12.0,0.02,8.0,gluten;laktoz;soya
off_7300400481571,atistirmalik,open_food_facts,data\raw\openfoodfacts\images\off_7300400481571.jpg,338.0,1423.0,1.5,0.3,62.0,2.0,20.0,9.0,1.0,400.0,gluten
off_3362600011228,atistirmalik,open_food_facts,data\raw\openfoodfacts\images\off_3362600011228.jpg,442.857142857143,1861.42857142857,12.3809523809524,7.14285714285714,73.8095238095238,23.8095238095238,2.38095238095238,7.61904761904762,0.898809523809524,359.52380952381003,gluten;laktoz
off_3175680011534,atistirmalik,open_food_facts,data\raw\openfoodfacts\images\off_3175680011534.jpg,457.0,1919.0,17.0,2.8,65.0,21.0,5.0,8.5,0.74,296.0,gluten;laktoz;soya
off_06153153,atistirmalik,open_food_facts,data\raw\openfoodfacts\images\off_06153153.jpg,378.0,1603.0,1.6,0.5,79.0,0.6,4.7,9.6,0.5,200.0,
off_8410076610737,atistirmalik,open_food_facts,,194.789674952199,2038.0,28.3,7.4,27.5,17.2,11.0,25.6,0.94,376.0,laktoz;soya
off_8425197712024,atistirmalik,open_food_facts,data\raw\openfoodfacts\images\off_8425197712024.jpg,533.333333333333,2181.33333333333,32.0,26.6666666666667,53.3333333333333,0.0,0.0,5.33333333333333,0.28,112.0,findik;laktoz;soya
off_3229820021027,atistirmalik,open_food_facts,data\raw\openfoodfacts\images\off_3229820021027.jpg,416.0,1750.0,10.0,0.8,70.0,20.0,7.6,7.6,0.45,180.0,gluten
off_3175681105423,atistirmalik,open_food_facts,data\raw\openfoodfacts\images\off_3175681105423.jpg,414.0,1728.0,18.0,3.3,61.0,0.0,8.9,8.0,0.21,84.0,gluten
off_3228857001231,atistirmalik,open_food_facts,data\raw\openfoodfacts\images\off_3228857001231.jpg,356.0,1496.0,13.0,1.0,49.0,13.0,4.5,8.6,0.8,320.0,gluten;yumurta
off_3046920028363,atistirmalik,open_food_facts,data\raw\openfoodfacts\images\off_3046920028363.jpg,584.0,2288.5,46.0,27.0,22.0,15.0,0.0,12.5,0.01,4.0,
off_20022464,atistirmalik,open_food_facts,data\raw\openfoodfacts\images\off_20022464.jpg,571.0,2367.0,42.0,26.0,32.0,26.0,12.6,9.9,0.02,8.0,soya
off_7613035040823,atistirmalik,open_food_facts,data\raw\openfoodfacts\images\off_7613035040823.jpg,548.0,2283.0,34.0,20.2,50.7,46.4,7.3,6.0,0.01,4.0,
off_3046920010047,atistirmalik,open_food_facts,data\raw\openfoodfacts\images\off_3046920010047.jpg,559.512428298278,2384.0,46.0,29.0,24.0,17.0,0.0,10.0,0.02,8.0,laktoz
off_3251490307002,atistirmalik,open_food_facts,data\raw\openfoodfacts\images\off_3251490307002.jpg,451.0,1896.0,16.0,3.7,67.0,20.0,5.1,7.3,0.27,108.0,gluten;laktoz;soya
off_5000168198491,atistirmalik,open_food_facts,data\raw\openfoodfacts\images\off_5000168198491.jpg,483.0,2025.0,21.3,10.1,63.6,15.1,3.7,7.0,1.3,520.0,gluten;laktoz
off_3336971805021,atistirmalik,open_food_facts,data\raw\openfoodfacts\images\off_3336971805021.jpg,453.333333333333,1896.66666666667,19.0,1.7,56.6666666666667,2.3,7.33333333333333,13.0,1.1,440.0,
off_7622210601988,atistirmalik,open_food_facts,data\raw\openfoodfacts\images\off_7622210601988.jpg,488.0,2058.0,23.0,12.0,62.0,28.0,3.5,5.9,1.2,480.0,gluten;laktoz;soya
off_8410076601131,atistirmalik,open_food_facts,data\raw\openfoodfacts\images\off_8410076601131.jpg,467.0,1961.9,18.1,2.2,64.3,26.8,6.4,8.7,0.835,334.0,findik;gluten
off_6111259343108,atistirmalik,open_food_facts,data\raw\openfoodfacts\images\off_6111259343108.jpg,483.0,2021.9,24.0,12.0,61.5,32.0,,5.2,0.27,108.0,
off_3046920028004,atistirmalik,open_food_facts,data\raw\openfoodfacts\images\off_3046920028004.jpg,566.0,2273.5,41.0,24.0,35.0,30.0,0.0,9.5,0.21,0.081,findik;laktoz
off_3251490320001,atistirmalik,open_food_facts,data\raw\openfoodfacts\images\off_3251490320001.jpg,440.47619047619,1857.14285714286,14.2857142857143,1.19047619047619,65.4761904761905,21.4285714285714,7.14285714285714,9.52380952380952,0.238095238095238,95.2380952380952,gluten
off_3041090063114,atistirmalik,open_food_facts,data\raw\openfoodfacts\images\off_3041090063114.jpg,389.0,1636.9,2.7,1.0,78.0,7.9,3.0,11.0,1.6725,669.0,gluten;laktoz
off_7622201133337,atistirmalik,open_food_facts,data\raw\openfoodfacts\images\off_7622201133337.jpg,400.0,1627.42,8.12,3.75,71.9,50.0,3.11875,4.69,0.0009375,0.375,gluten
off_3229820181950,atistirmalik,open_food_facts,data\raw\openfoodfacts\images\off_3229820181950.jpg,460.0,2037.0,20.0,7.2,67.0,30.0,3.8,7.5,0.52,208.0,gluten;laktoz
off_5060042641000,atistirmalik,open_food_facts,data\raw\openfoodfacts\images\off_5060042641000.jpg,476.0,1988.0,27.0,2.4,49.0,0.64,5.5,6.2,0.84,332.0,
off_3362600011006,atistirmalik,open_food_facts,data\raw\openfoodfacts\images\off_3362600011006.jpg,440.0,,10.8235294117647,5.29411764705882,76.4705882352941,24.2352941176471,2.35294117647059,7.64705882352941,0.882352941176471,352.941176470588,gluten
off_3760020508012,atistirmalik,open_food_facts,data\raw\openfoodfacts\images\off_3760020508012.jpg,362.0,1532.0,2.3,0.7,72.0,1.0,4.5,11.0,0.57,228.0,
off_20095291,atistirmalik,open_food_facts,data\raw\openfoodfacts\images\off_20095291.jpg,544.0,2258.7,40.0,24.8,31.9,27.2,11.7,8.4,0.01,4.0,soya
off_3175681209282,atistirmalik,open_food_facts,data\raw\openfoodfacts\images\off_3175681209282.jpg,456.0,1915.0,17.0,1.4,65.0,8.9,6.5,7.6,0.05,20.0,gluten;laktoz
off_3061990143365,atistirmalik,open_food_facts,data\raw\openfoodfacts\images\off_3061990143365.jpg,463.0,1944.0,17.0,8.6,69.0,30.0,3.9,6.5,0.47,188.0,gluten;laktoz
off_3228857001316,atistirmalik,open_food_facts,data\raw\openfoodfacts\images\off_3228857001316.jpg,345.0,1450.0,11.0,4.3,51.0,15.0,5.0,8.0,1.1,440.0,gluten;laktoz;yumurta
off_6111259341197,atistirmalik,open_food_facts,data\raw\openfoodfacts\images\off_6111259341197.jpg,497.0,2073.0,21.0,9.9,70.0,27.0,,7.0,0.32,128.0,gluten;laktoz;soya
off_3175681257542,atistirmalik,open_food_facts,data\raw\openfoodfacts\images\off_3175681257542.jpg,48.0,201.0,1.5,0.2,7.5,1.8,0.6,0.8,0.02,8.0,gluten
off_3251491787810,atistirmalik,open_food_facts,data\raw\openfoodfacts\images\off_3251491787810.jpg,432.0,1815.0,14.0,1.3,64.0,21.0,6.1,9.4,0.0,0.0,gluten;laktoz;soya
off_3045140105502,atistirmalik,open_food_facts,data\raw\openfoodfacts\images\off_3045140105502.jpg,539.0,2251.0,31.0,19.0,57.0,55.0,2.3,6.5,0.28,112.0,findik;laktoz;soya
off_3178530410105,atistirmalik,open_food_facts,data\raw\openfoodfacts\images\off_3178530410105.jpg,419.0,1753.0,21.0,2.0,54.0,23.0,1.5,5.5,0.71,284.0,gluten;laktoz;yumurta
off_3760049796384,atistirmalik,open_food_facts,data\raw\openfoodfacts\images\off_3760049796384.jpg,298.0,1249.0,10.0,1.0,39.0,2.9,5.8,10.0,1.1,440.0,gluten
off_3046920028721,atistirmalik,open_food_facts,data\raw\openfoodfacts\images\off_3046920028721.jpg,565.0,2340.0,49.0,29.0,9.0,0.4,0.0,14.0,0.06,24.0,laktoz
off_3175681257535,atistirmalik,open_food_facts,data\raw\openfoodfacts\images\off_3175681257535.jpg,448.0,1880.0,17.0,1.6,60.0,17.0,8.7,9.5,0.42,168.0,gluten
off_40896243,atistirmalik,open_food_facts,data\raw\openfoodfacts\images\off_40896243.jpg,572.0,2372.6,41.6,25.0,35.3,28.0,11.1,8.5,0.0,0.0,soya
off_8410076601148,atistirmalik,open_food_facts,data\raw\openfoodfacts\images\off_8410076601148.jpg,473.0,1981.0,19.8,3.4,61.5,26.8,7.0,8.7,0.65,260.0,gluten;soya
off_5053990156009,atistirmalik,open_food_facts,data\raw\openfoodfacts\images\off_5053990156009.jpg,477.333333333333,2227.0,31.0,6.6,56.0,1.4,3.5,5.9,1.1,440.0,gluten
off_7622210476296,atistirmalik,open_food_facts,data\raw\openfoodfacts\images\off_7622210476296.jpg,453.0,1907.0,14.0,6.7,73.0,26.0,3.4,7.5,0.7,280.0,gluten;laktoz;soya
off_3700214611548,atistirmalik,open_food_facts,data\raw\openfoodfacts\images\off_3700214611548.jpg,631.0,2611.0,53.0,32.0,24.0,14.0,13.0,8.1,0.01,4.0,
off_80052760,atistirmalik,open_food_facts,data\raw\openfoodfacts\images\off_80052760.jpg,572.0,2384.0,37.3,17.3,49.5,41.2,0.0,8.6,0.272,0.10880000000000001,findik;gluten;laktoz;soya
off_7622210995087,atistirmalik,open_food_facts,data\raw\openfoodfacts\images\off_7622210995087.jpg,570.0,2360.5,39.0,16.0,43.0,40.0,7.8,7.3,0.01,4.0,findik;laktoz;soya
off_3175681037854,atistirmalik,open_food_facts,data\raw\openfoodfacts\images\off_3175681037854.jpg,370.0,1569.9,1.7,0.4,75.0,1.5,3.5,12.0,0.48,192.0,gluten
off_3046920027885,atistirmalik,open_food_facts,data\raw\openfoodfacts\images\off_3046920027885.jpg,561.902485659655,2240.0,32.0,19.0,52.0,47.0,,5.7,0.37,148.0,laktoz;soya
off_3760049798890,atistirmalik,open_food_facts,data\raw\openfoodfacts\images\off_3760049798890.jpg,345.0,1453.0,11.0,1.2,51.0,8.7,2.4,9.4,0.9,360.0,gluten;laktoz;yumurta
off_3175680011442,atistirmalik,open_food_facts,data\raw\openfoodfacts\images\off_3175680011442.jpg,442.857142857143,1866.0,14.0,1.4,66.0,18.0,5.1,11.0,0.36,144.0,gluten;soya
off_3760091722508,atistirmalik,open_food_facts,data\raw\openfoodfacts\images\off_3760091722508.jpg,615.0,2562.0,51.0,31.0,24.0,14.0,11.0,11.0,0.0,0.0,
off_3229820794532,atistirmalik,open_food_facts,data\raw\openfoodfacts\images\off_3229820794532.jpg,442.0,1858.0,15.0,1.4,64.0,16.0,7.5,9.1,0.35,140.0,gluten;yumurta
off_3175681257566,atistirmalik,open_food_facts,data\raw\openfoodfacts\images\off_3175681257566.jpg,456.0,1914.0,16.0,1.4,67.0,17.0,5.2,8.3,0.44,176.0,gluten
off_7622210713780,atistirmalik,open_food_facts,data\raw\openfoodfacts\images\off_7622210713780.jpg,439.0,1846.0,14.0,3.6,66.0,27.0,6.8,7.9,0.62,248.0,gluten;laktoz;soya
off_3336971805038,atistirmalik,open_food_facts,data\raw\openfoodfacts\images\off_3336971805038.jpg,452.0,1894.0,19.0,1.8,54.0,3.8,7.2,13.0,1.1,440.0,laktoz
off_20713713,atistirmalik,open_food_facts,data\raw\openfoodfacts\images\off_20713713.jpg,639.0,2641.0,55.3,34.0,20.6,14.0,11.5,9.0,0.01,4.0,
off_3380380047749,atistirmalik,open_food_facts,data\raw\openfoodfacts\images\off_3380380047749.jpg,385.714285714286,1645.71428571429,2.85714285714286,0.0,75.7142857142857,2.85714285714286,4.28571428571429,12.8571428571429,0.671428571428571,268.571428571429,
off_7622210713889,atistirmalik,open_food_facts,data\raw\openfoodfacts\images\off_7622210713889.jpg,448.0,1881.6,15.0,2.5,68.0,29.0,5.6,7.4,0.64,256.0,gluten;laktoz;soya
off_3242274030056,hazir_gida,open_food_facts,data\raw\openfoodfacts\images\off_3242274030056.jpg,186.0,778.1,8.8,2.5,17.0,4.1,2.8,8.3,0.53,0.53,gluten;laktoz;soya;yumurta
off_3083680973939,konserve,open_food_facts,data\raw\openfoodfacts\images\off_3083680973939.jpg,72.0,298.0,4.1,0.6,5.7,5.5,3.4,1.3,0.81,324.0,gluten
off_7613035937420,hazir_gida,open_food_facts,data\raw\openfoodfacts\images\off_7613035937420.jpg,256.0,1062.0,20.0,1.0,3.0,2.0,2.0,15.0,1.34,536.0,gluten;yumurta
off_3083680613576,konserve,open_food_facts,data\raw\openfoodfacts\images\off_3083680613576.jpg,94.1682600382408,394.0,0.5,0.1,14.0,0.5,3.1,6.6,0.76,304.0,gluten;soya
off_3175681170872,hazir_gida,open_food_facts,data\raw\openfoodfacts\images\off_3175681170872.jpg,153.0,638.0,6.4,1.1,13.0,1.6,8.9,6.4,0.72,288.0,gluten;soya
off_3083681093926,konserve,open_food_facts,data\raw\openfoodfacts\images\off_3083681093926.jpg,83.0,344.0,5.2,0.6,6.7,5.6,2.2,1.2,0.76,304.0,
off_3083681148640,hazir_gida,open_food_facts,data\raw\openfoodfacts\images\off_3083681148640.jpg,138.0,570.0,12.0,1.0,4.0,2.0,3.0,2.0,0.88,352.0,balik;gluten;laktoz;yumurta
off_3083680901024,konserve,open_food_facts,data\raw\openfoodfacts\images\off_3083680901024.jpg,38.499302361635,341.0,4.1,0.6,5.7,5.5,3.4,1.3,0.81,225.0,gluten
off_3281780893915,hazir_gida,open_food_facts,data\raw\openfoodfacts\images\off_3281780893915.jpg,183.0,766.0,6.7,0.8,25.0,5.4,2.1,4.5,0.9,360.0,gluten
off_3021690201123,hazir_gida,open_food_facts,data\raw\openfoodfacts\images\off_3021690201123.jpg,48.2926829268293,415.0,3.2,1.1,10.0,0.8,2.8,6.1,0.7,320.0,gluten
off_7613035694989,hazir_gida,open_food_facts,data\raw\openfoodfacts\images\off_7613035694989.jpg,188.0,782.0,10.8,1.3,7.6,3.2,5.1,12.5,0.88,352.0,gluten;soya;yumurta
off_3281780893892,hazir_gida,open_food_facts,data\raw\openfoodfacts\images\off_3281780893892.jpg,183.0,766.0,6.7,0.8,25.0,5.4,2.1,4.5,0.9,360.0,gluten
off_3571492210019,hazir_gida,open_food_facts,data\raw\openfoodfacts\images\off_3571492210019.jpg,158.0,656.0,10.0,1.3,7.7,0.8,,8.2,0.66,264.0,balik;laktoz
off_3021690201116,konserve,open_food_facts,data\raw\openfoodfacts\images\off_3021690201116.jpg,207.0,414.5,3.2,1.1,10.0,0.8,2.8,6.1,0.6875,275.0,gluten
off_3175681170841,hazir_gida,open_food_facts,data\raw\openfoodfacts\images\off_3175681170841.jpg,111.0,465.0,3.1,0.4,15.0,2.9,3.8,3.8,0.74,296.0,gluten;soya
off_6111263000202,hazir_gida,open_food_facts,data\raw\openfoodfacts\images\off_6111263000202.jpg,180.1,755.0,15.6,1.5,0.6,0.0,0.0,30.1,1.25,500.0,balik;soya
off_8001665726580,hazir_gida,open_food_facts,data\raw\openfoodfacts\images\off_8001665726580.jpg,251.0,1052.0,11.0,4.5,25.0,6.7,4.1,11.0,1.1,440.0,gluten;laktoz;yumurta
off_3242274002053,hazir_gida,open_food_facts,data\raw\openfoodfacts\images\off_3242274002053.jpg,196.0,820.0,9.5,2.4,20.0,4.0,2.5,6.4,0.45,172.19,balik;gluten;laktoz;soya;yumurta
off_3083681148626,hazir_gida,open_food_facts,data\raw\openfoodfacts\images\off_3083681148626.jpg,14.6,301.0,4.5,0.3,5.5,4.5,3.0,1.0,0.71,284.0,balik;gluten;laktoz;yumurta
off_3166353931402,hazir_gida,open_food_facts,data\raw\openfoodfacts\images\off_3166353931402.jpg,141.0,592.0,5.9,1.5,13.0,0.7,0.8,8.6,0.67,268.0,balik;gluten;laktoz
off_3175681259089,hazir_gida,open_food_facts,data\raw\openfoodfacts\images\off_3175681259089.jpg,122.0,509.9,4.5,0.5,12.0,1.1,5.1,5.8,0.98,392.0,findik;gluten;soya;yumurta
off_3242274034054,hazir_gida,open_food_facts,data\raw\openfoodfacts\images\off_3242274034054.jpg,62.7390057361376,707.0,6.5625,0.9375,19.0625,4.6875,2.90625,6.875,0.6875,275.0,gluten;laktoz;soya;yumurta
off_3083680484466,atistirmalik,open_food_facts,data\raw\openfoodfacts\images\off_3083680484466.jpg,178.0,748.0,6.0,0.6,25.0,4.0,2.0,5.0,0.95,380.0,balik;gluten;laktoz;yumurta
off_3036811363147,hazir_gida,open_food_facts,data\raw\openfoodfacts\images\off_3036811363147.jpg,42.4,178.0,1.92,0.6,5.2,1.32,0.8,0.72,0.68,272.0,laktoz
off_3302740044786,hazir_gida,open_food_facts,data\raw\openfoodfacts\images\off_3302740044786.jpg,128.0,533.0,7.6,2.2,6.6,3.7,1.1,7.7,0.67,268.0,laktoz
off_3036811368029,hazir_gida,open_food_facts,data\raw\openfoodfacts\images\off_3036811368029.jpg,42.0,176.0,1.9,0.6,5.2,1.4,0.7,0.7,0.51,204.0,laktoz
off_3166352967211,hazir_gida,open_food_facts,data\raw\openfoodfacts\images\off_3166352967211.jpg,133.0,560.0,4.9,0.8,15.0,1.9,1.0,6.8,0.74,330.0,gluten;laktoz;yumurta
off_8001665725712,hazir_gida,open_food_facts,data\raw\openfoodfacts\images\off_8001665725712.jpg,309.0,1288.0,16.0,5.3,29.0,4.6,6.9,8.7,1.1,440.0,findik;gluten;laktoz;yumurta
off_3281780894950,hazir_gida,open_food_facts,data\raw\openfoodfacts\images\off_3281780894950.jpg,79.0,329.0,5.2,0.4,5.6,5.0,2.8,1.1,0.88,352.0,
off_3600900005067,hazir_gida,open_food_facts,data\raw\openfoodfacts\images\off_3600900005067.jpg,126.0,526.7,1.2,0.2,22.0,1.7,2.7,5.1,0.64,256.0,gluten
off_3302740483103,hazir_gida,open_food_facts,data\raw\openfoodfacts\images\off_3302740483103.jpg,109.0,456.0,5.0,1.9,8.6,2.4,1.2,6.8,0.66,264.0,balik;laktoz
off_3571492670004,hazir_gida,open_food_facts,data\raw\openfoodfacts\images\off_3571492670004.jpg,154.0,642.0,10.0,3.1,7.6,1.3,1.3,7.8,0.81,324.0,balik;laktoz;yumurta
off_8402001019395,hazir_gida,open_food_facts,data\raw\openfoodfacts\images\off_8402001019395.jpg,40.0,178.1,2.6,0.4,3.4,3.3,1.1,0.9,0.7875,315.0,
off_3240931545264,hazir_gida,open_food_facts,data\raw\openfoodfacts\images\off_3240931545264.jpg,244.0,1024.0,10.0,4.0,29.0,3.6,2.9,8.1,1.1,440.0,gluten;laktoz;yumurta
off_3175681061460,hazir_gida,open_food_facts,data\raw\openfoodfacts\images\off_3175681061460.jpg,98.1818181818182,415.0,2.7,0.5,13.0,3.2,3.2,3.7,0.56,224.0,gluten;laktoz;soya
off_5410188032161,hazir_gida,open_food_facts,data\raw\openfoodfacts\images\off_5410188032161.jpg,75.0,311.0,4.9,0.7,6.0,2.8,1.1,1.1,0.63,252.0,gluten
off_3281780893465,hazir_gida,open_food_facts,data\raw\openfoodfacts\images\off_3281780893465.jpg,217.0,908.0,10.0,0.9,22.0,4.5,4.5,7.2,0.68,272.0,balik;findik;laktoz;soya
off_3266140058272,hazir_gida,open_food_facts,data\raw\openfoodfacts\images\off_3266140058272.jpg,216.0,900.0,15.0,2.3,14.0,0.0,,5.8,0.94,376.0,gluten;yumurta
off_3302740003868,hazir_gida,open_food_facts,data\raw\openfoodfacts\images\off_3302740003868.jpg,143.0,600.0,7.1,1.8,11.0,2.8,1.3,8.2,0.72,288.0,gluten;yumurta
off_3229820181899,hazir_gida,open_food_facts,data\raw\openfoodfacts\images\off_3229820181899.jpg,146.0,613.0,3.5,0.5,22.0,2.5,3.0,5.0,0.8,320.0,
off_5410188027747,hazir_gida,open_food_facts,data\raw\openfoodfacts\images\off_5410188027747.jpg,30.0,126.0,1.1,0.2,3.7,3.3,1.1,1.0,0.46,184.0,
off_3487400006745,hazir_gida,open_food_facts,data\raw\openfoodfacts\images\off_3487400006745.jpg,181.818181818182,772.0,5.0,1.4,29.0,1.8,1.6,4.0,0.49,196.0,laktoz
off_3166359678103,hazir_gida,open_food_facts,data\raw\openfoodfacts\images\off_3166359678103.jpg,123.666666666667,465.0,4.9,1.5,7.6,1.6,2.1,8.1,0.58,232.0,gluten
off_3175681085398,hazir_gida,open_food_facts,data\raw\openfoodfacts\images\off_3175681085398.jpg,145.0,604.0,6.7,0.9,12.0,1.3,7.5,5.4,0.6,240.0,gluten;soya
off_3270160697861,hazir_gida,open_food_facts,data\raw\openfoodfacts\images\off_3270160697861.jpg,140.0,586.0,5.1,1.2,15.0,1.5,1.6,7.6,0.71,284.0,balik;laktoz
off_3036811460259,hazir_gida,open_food_facts,data\raw\openfoodfacts\images\off_3036811460259.jpg,30.0,124.1,1.4,0.8,2.8,1.4,1.6,0.7,0.64,256.0,gluten;laktoz
off_3487400006929,hazir_gida,open_food_facts,data\raw\openfoodfacts\images\off_3487400006929.jpg,168.0,707.9,3.3,0.2,30.0,2.1,1.4,3.8,0.53,212.0,
off_8001665712859,hazir_gida,open_food_facts,data\raw\openfoodfacts\images\off_8001665712859.jpg,250.0,1048.0,8.4,2.4,32.0,5.7,5.5,8.7,1.1,440.0,gluten;laktoz;yumurta
off_20023775,hazir_gida,open_food_facts,data\raw\openfoodfacts\images\off_20023775.jpg,183.0,766.0,6.7,0.8,25.0,5.4,2.1,4.5,0.9,360.0,gluten
off_3175681210981,hazir_gida,open_food_facts,data\raw\openfoodfacts\images\off_3175681210981.jpg,112.272727272727,465.2,3.5,0.4,8.9,2.3,6.9,7.6,0.66,264.0,gluten;soya
off_3248832967611,hazir_gida,open_food_facts,data\raw\openfoodfacts\images\off_3248832967611.jpg,144.0,605.0,6.2,3.0,16.0,1.2,0.6,5.8,0.59,236.0,gluten;laktoz
off_8410300349051,hazir_gida,open_food_facts,data\raw\openfoodfacts\images\off_8410300349051.jpg,5.0,21.0,0.3,0.0,0.2,0.1,0.0,0.4,0.75,300.0,yumurta
off_3760020508593,hazir_gida,open_food_facts,data\raw\openfoodfacts\images\off_3760020508593.jpg,128.0,538.0,1.7,0.2,17.0,1.2,5.6,8.3,0.7,280.0,
off_3270160860333,hazir_gida,open_food_facts,data\raw\openfoodfacts\images\off_3270160860333.jpg,159.0,671.0,4.1,1.4,24.0,8.4,2.7,5.2,0.6,240.0,gluten;laktoz
off_3083681117011,hazir_gida,open_food_facts,data\raw\openfoodfacts\images\off_3083681117011.jpg,77.0,324.0,2.7,0.4,10.0,3.5,2.5,2.0,0.62,248.0,gluten
off_3036811367008,hazir_gida,open_food_facts,data\raw\openfoodfacts\images\off_3036811367008.jpg,29.0,132.0,0.5,0.3,4.6,0.9,1.1,1.1,0.6,240.0,laktoz
off_3083680918497,konserve,open_food_facts,data\raw\openfoodfacts\images\off_3083680918497.jpg,91.0,394.0,0.5,0.1,14.0,0.5,3.1,6.6,0.76,304.0,gluten
off_4001724039143,hazir_gida,open_food_facts,data\raw\openfoodfacts\images\off_4001724039143.jpg,192.727272727273,796.2,7.9,2.6,22.0,3.5,2.0,6.7,0.97,388.0,gluten;laktoz
off_3175681157774,hazir_gida,open_food_facts,data\raw\openfoodfacts\images\off_3175681157774.jpg,159.0,671.0,2.9,0.4,26.0,0.0,4.8,4.9,0.83,332.0,gluten
off_8001665725750,hazir_gida,open_food_facts,data\raw\openfoodfacts\images\off_8001665725750.jpg,229.0,960.3,8.9,3.9,27.0,5.0,4.5,8.0,1.2,480.0,gluten;laktoz;yumurta
off_3338310000715,hazir_gida,open_food_facts,data\raw\openfoodfacts\images\off_3338310000715.jpg,152.0,634.0,8.9,3.2,11.0,2.2,,6.0,0.79,316.0,laktoz
off_3038352880305,konserve,open_food_facts,data\raw\openfoodfacts\images\off_3038352880305.jpg,87.0,384.0,2.3,0.8,13.0,1.4,1.6,3.8,0.75,300.0,gluten
off_8001665705417,hazir_gida,open_food_facts,data\raw\openfoodfacts\images\off_8001665705417.jpg,254.0,1064.0,11.0,2.6,27.0,4.1,3.7,9.9,0.96,384.0,gluten;laktoz;yumurta
off_3036811363161,hazir_gida,open_food_facts,data\raw\openfoodfacts\images\off_3036811363161.jpg,37.0,157.0,1.1,0.3,5.4,1.3,1.2,0.7,0.67,268.0,laktoz
off_3175681120556,hazir_gida,open_food_facts,data\raw\openfoodfacts\images\off_3175681120556.jpg,164.0,686.0,5.8,0.9,20.0,0.0,7.7,4.1,0.41,164.0,gluten
off_8001665726573,hazir_gida,open_food_facts,data\raw\openfoodfacts\images\off_8001665726573.jpg,293.0,1227.0,8.3,3.2,39.0,4.0,2.2,15.0,1.5,600.0,gluten;laktoz;yumurta
off_3302740030932,hazir_gida,open_food_facts,data\raw\openfoodfacts\images\off_3302740030932.jpg,130.0,545.0,7.2,3.6,9.5,1.5,1.0,6.4,0.67,268.0,balik;laktoz
off_5410188024647,hazir_gida,open_food_facts,data\raw\openfoodfacts\images\off_5410188024647.jpg,40.0,168.0,2.2,0.4,3.5,3.3,1.2,0.9,0.62,248.0,
off_4001724039112,hazir_gida,open_food_facts,data\raw\openfoodfacts\images\off_4001724039112.jpg,243.661971830986,1017.8,12.0,3.9,23.0,2.8,1.6,10.0,1.0,400.0,gluten;laktoz
off_8801073116467,hazir_gida,open_food_facts,data\raw\openfoodfacts\images\off_8801073116467.jpg,427.0,1787.0,15.0,6.0,66.0,5.0,2.0,7.0,3.0,1200.0,gluten;soya
off_3270190212980,atistirmalik,open_food_facts,data\raw\openfoodfacts\images\off_3270190212980.jpg,94.0,389.0,7.3,0.5,4.7,4.4,3.0,0.9,0.59,272.0,
off_3083681116939,hazir_gida,open_food_facts,data\raw\openfoodfacts\images\off_3083681116939.jpg,44.6666666666667,281.0,2.7,0.7,7.4,2.3,3.3,1.7,0.71,284.0,gluten;laktoz
off_3270160873555,hazir_gida,open_food_facts,data\raw\openfoodfacts\images\off_3270160873555.jpg,118.0,491.0,6.2,2.7,10.0,1.9,2.4,3.9,0.4,160.0,laktoz;yumurta
off_3478820023726,konserve,open_food_facts,data\raw\openfoodfacts\images\off_3478820023726.jpg,74.0,311.0,1.7,0.2,12.2,3.3,1.2,1.8,0.83,332.0,gluten
off_3038352880206,konserve,open_food_facts,data\raw\openfoodfacts\images\off_3038352880206.jpg,87.0,384.0,2.3,0.8,12.0,1.9,1.6,3.9,0.75,360.0,gluten
off_3478820003193,konserve,open_food_facts,data\raw\openfoodfacts\images\off_3478820003193.jpg,70.0,731.0,6.9,1.2,18.0,3.0,6.5,6.9,0.7,280.0,
off_3760020508883,hazir_gida,open_food_facts,data\raw\openfoodfacts\images\off_3760020508883.jpg,135.0,568.0,2.3,0.3,17.0,0.6,7.2,8.0,0.65,260.0,
off_3175681104112,hazir_gida,open_food_facts,data\raw\openfoodfacts\images\off_3175681104112.jpg,89.0,371.0,3.1,0.5,8.5,1.4,4.4,4.5,0.66,264.0,gluten;soya
